date,symbol,open,high,low,close,volume
2026-07-27,INFY,1500.00,1549.08,1498.14,1544.10,4667699
2026-07-27,RELIANCE,1000.00,1022.35,992.48,1018.69,3882121
2026-07-27,TCS,2000.00,2073.35,1983.61,2059.53,3071517
2026-07-28,INFY,1544.10,1597.91,1543.00,1587.82,6056266
2026-07-28,RELIANCE,1018.69,1039.30,1013.32,1034.47,8837798
2026-07-28,TCS,2059.53,2062.23,2042.63,2050.73,6919466
2026-07-29,INFY,1587.82,1620.94,1587.01,1616.90,1798927
2026-07-29,RELIANCE,1034.47,1041.96,1009.23,1010.92,2359753
2026-07-29,TCS,2050.73,2063.70,2004.85,2022.55,7252372
2026-07-30,INFY,1616.90,1617.73,1583.09,1587.39,6298678
2026-07-30,RELIANCE,1010.92,1042.98,1001.99,1040.58,4286589
2026-07-30,TCS,2022.55,2066.22,2014.38,2060.52,9986703
2026-07-31,INFY,1587.39,1622.56,1577.88,1618.76,1229228
2026-07-31,RELIANCE,1040.58,1055.99,1030.37,1049.38,8453009
2026-07-31,TCS,2060.52,2075.26,2016.21,2021.05,3796314
